Workbook

Sheet 9.2.1
A1: Наименование показателя | B1: Коды | C1: Площадь, га | E1: Урожайность, ц/га | F1: Валовый сбор, кг | G1: Затраты на производство (включая затраты незавершенного производства прошлых лет), относимые на себестоимость продукции отчетного года, руб
A2: Наименование культуры/ вида продукции | C2: посеянная | D2: убранная | G2: всего (гр.6+ 7+ 8+ 9+ 10+ 11+ 12+ 13+ 14+ 15+ 16) | H2: в том числе по статьям:
H3: оплата труда с отчислениями на социальные нужды | I3: материальные затраты:
I4: семена и посадочный материал | J4: минеральные удобрения, бактериальные и другие препараты | K4: Топливо
A5: 1 | B5: 2 | C5: 3 | D5: 4 | E5: 5 | F5: 6 | G5: 7 | H5: 8 | I5: 9 | J5: 10 | K5: 11
A6: ВСЕГО: (стр.92100+ 92200+ 92300+ 92410+ 92420+ 92430+ 92440+ 92450+ 92460+ 92490+ 92500+ 92600+ 92700) | B6: 92000 | C6: =C7+'9.2.2'!C6 -> #VALUE! | D6: =D7+'9.2.2'!D6 -> #VALUE! | E6: =E7+'9.2.2'!E6 -> #VALUE! | F6: =F7+'9.2.2'!F6 -> #VALUE! | G6: =G7+'9.2.2'!G6 -> 0 | H6: =H7+'9.2.2'!H6 -> #VALUE! | I6: =I7+'9.2.2'!I6 -> #VALUE! | J6: =J7+'9.2.2'!J6 -> #VALUE! | K6: =K7+'9.2.2'!K6 -> #VALUE!
A7: Зерновые и зернобобовые культуры на зерно и семена (кроме риса) (стр.92111+ 92112+ 92120+ 92131+ 92132+ 92140+ 92150+ 92160+ 92170+ 92180+ 92190) | B7: 92100 | C7: =C8+C9+C16 -> #VALUE! | D7: =D8+D9+D16 -> #VALUE! | E7: =E8+E9+E16 -> #VALUE! | F7: =F8+F9+F16 -> #VALUE! | G7: =G8+G9+G16 -> 0 | H7: =H8+H9+H16 -> #VALUE! | I7: =I8+I9+I16 -> #VALUE! | J7: =J8+J9+J16 -> #VALUE! | K7: =K8+K9+K16 -> #VALUE!
A8: в том числе: пшеница озимая | B8: 92111 | C8: ${winter_wheat_area.sownArea} | D8: ${winter_wheat_area.harvestedArea} | E8: =F8/100/C8 -> #VALUE! | F8: ${winter_wheat_harvest.totalGrossHarvest} | G8: =SUM(H8:K8) -> 0 | H8: ${winter_wheat.totalCost} | I8: ${crop_material_costs.winter_wheat.seeds} | J8: ${crop_material_costs.winter_wheat.fertilizer} | K8: ${crop_material_costs.winter_wheat.fuel}
A9: пшеница яровая | B9: 92112 | C9: ${spring_wheat_area.sownArea} | D9: ${spring_wheat_area.harvestedArea} | E9: =F9/100/C9 -> #VALUE! | F9: ${spring_wheat_harvest.totalGrossHarvest} | G9: =SUM(H9:K9) -> 0 | H9: ${spring_wheat.totalCost} | I9: ${crop_material_costs.spring_wheat.seeds} | J9: ${crop_material_costs.spring_wheat.fertilizer} | K9: ${crop_material_costs.spring_wheat.fuel}
A10: кукуруза (на зерно) | B10: 92120
A11: из нее: семенные посевы кукурузы | B11: 92121
A12: рожь озимая | B12: 92131
A13: рожь яровая | B13: 92132
A14: гречиха | B14: 92140
A15: овес | B15: 92150
A16: ячмень (озимый и яровой) | B16: 92160 | C16: ${spring_barley_area.sownArea} | D16: ${spring_barley_area.harvestedArea} | E16: =F16/100/C16 -> #VALUE! | F16: ${spring_barley_harvest.totalGrossHarvest} | G16: =SUM(H16:K16) -> 0 | H16: ${spring_barley.totalCost} | I16: ${crop_material_costs.spring_barley.seeds} | J16: ${crop_material_costs.spring_barley.fertilizer} | K16: ${crop_material_costs.spring_barley.fuel}
A17: из него: пивоваренный | B17: 92161
A18: прочие озимые зерновые | B18: 92170
A19: прочие яровые зерновые | B19: 92180
A20: из них: просо | B20: 92181
A21: прочие зернобобовые | B21: 92190
A22: Рис | B22: 92200

Sheet 9.2.2
A1: Наименование показателя | B1: Коды | C1: Площадь, га | E1: Урожайность, ц/га | F1: Урожайность, кг | G1: Затраты на производство (включая затраты незавершенного производства прошлых лет), относимые на себестоимость продукции отчетного года, тыс. руб
A2: Наименование культуры/ вида продукции | C2: посеянная | D2: убранная | G2: всего (гр.6+ 7+ 8+ 9+ 10+ 11+ 12+ 13+ 14+ 15+ 16) | H2: в том числе по статьям:
H3: оплата труда с отчислениями на социальные нужды | I3: материальные затраты:
I4: семена и посадочный материал | J4: минеральные удобрения, бактериальные и другие препараты | K4: Топливо
A5: 1 | B5: 2 | C5: 3 | D5: 4 | E5: 5 | F5: 6 | G5: 7 | H5: 8 | I5: 9 | J5: 10 | K5: 11
A6: Масличные культуры (стр.92310+ 92321+ 92322+ 92330+ 92390) | B6: 92300 | C6: =C10+C7 -> #VALUE! | D6: =D10+D7 -> #VALUE! | E6: =E10 -> #VALUE! | F6: =F10+F7 -> #VALUE! | G6: =G10+G7 -> 0 | H6: =H10+H7 -> #VALUE! | I6: =I10+I7 -> #VALUE! | J6: =J10+J7 -> #VALUE! | K6: =K10+K7 -> #VALUE!
A7: в том числе: соя (бобы соевые) | B7: 92310
A8: рапс озимый | B8: 92321
A9: рапс яровой (кольза) | B9: 92322
A10: подсолнечник (для посева и переработки) | B10: 92330 | C10: ${sunflower_area.sownArea} | D10: ${sunflower_area.harvestedArea} | E10: =F10/100/C10 -> #VALUE! | F10: ${sunflower_harvest.totalGrossHarvest} | G10: =SUM(H10:K10) -> 0 | H10: ${sunflower.totalCost} | I10: ${crop_material_costs.sunflower.seeds} | J10: ${crop_material_costs.sunflower.fertilizer} | K10: ${crop_material_costs.sunflower.fuel}
A11: из него семенные посевы подсолнечника | B11: 92331
A12: прочие масличные культуры, не включенные в другие группировки (в том числе лен-кудряш (масличный), рыжик) | B12: 92390
A13: Овощи открытого грунта (кроме семенных посевов) | B13: 92410
A14: Овощи защищенного грунта (площадь - в м2) | B14: 92420
A15: в том числе: огурцы | B15: 92421
A16: помидоры (томаты) | B16: 92422
A17: культуры овощные салатные или зеленые | B17: 92423
A18: Семенные посевы (семенники) овощных культур | B18: 92430
A19: в том числе: капусты | B19: 92431
A20: огурцов | B20: 92432
A21: помидоров (томатов) | B21: 92433
A22: лука | B22: 92434
... A32: Прочие овощные культуры, корнеплоды столовые и клубнеплоды на продовольственные цели, не включенные в другие группировки | B32: 92490
